date,sentiment
15-12-2012,60
16-12-2012,12
17-12-2012,201
18-12-2012,203
19-12-2012,189
20-12-2012,78
21-12-2012,76
22-12-2012,71
23-12-2012,68
24-12-2012,172
25-12-2012,133
26-12-2012,375
27-12-2012,226
28-12-2012,206
29-12-2012,-14
30-12-2012,51
31-12-2012,7
1-1-2013,23
2-1-2013,225
3-1-2013,220
4-1-2013,32
5-1-2013,109
6-1-2013,3
7-1-2013,186
8-1-2013,31
9-1-2013,152
10-1-2013,140
11-1-2013,149
12-1-2013,119
13-1-2013,27
14-1-2013,177
15-1-2013,246
16-1-2013,128
17-1-2013,372
18-1-2013,339
19-1-2013,172
20-1-2013,21
21-1-2013,213
22-1-2013,407
23-1-2013,86
24-1-2013,223
25-1-2013,397
26-1-2013,123
27-1-2013,-19
28-1-2013,357
29-1-2013,190
30-1-2013,111
31-1-2013,20
1-2-2013,221
2-2-2013,49
3-2-2013,184
4-2-2013,76
5-2-2013,27
6-2-2013,178
7-2-2013,180
8-2-2013,79
9-2-2013,-13
10-2-2013,37
11-2-2013,37
12-2-2013,115
13-2-2013,245
14-2-2013,176
15-2-2013,202
16-2-2013,59
17-2-2013,183
18-2-2013,246
19-2-2013,281
20-2-2013,306
21-2-2013,141
22-2-2013,198
23-2-2013,96
24-2-2013,-17
25-2-2013,40
26-2-2013,150
27-2-2013,303
28-2-2013,317
1-3-2013,304
2-3-2013,-18
3-3-2013,170
4-3-2013,255
5-3-2013,183
6-3-2013,296
7-3-2013,363
8-3-2013,336
9-3-2013,161
10-3-2013,137
11-3-2013,238
12-3-2013,79
13-3-2013,182
14-3-2013,325
15-3-2013,352
16-3-2013,61
17-3-2013,44
18-3-2013,77
19-3-2013,-199
20-3-2013,-250
21-3-2013,-197
22-3-2013,-533
23-3-2013,-64
24-3-2013,-607
25-3-2013,-119
26-3-2013,93
27-3-2013,202
28-3-2013,38
29-3-2013,143
30-3-2013,17
31-3-2013,-33
1-4-2013,-64
2-4-2013,-43
3-4-2013,-285
4-4-2013,-302
5-4-2013,-398
6-4-2013,-58
7-4-2013,-54
8-4-2013,-69
9-4-2013,-237
10-4-2013,-115
11-4-2013,29
12-4-2013,118
13-4-2013,-167
14-4-2013,43
15-4-2013,-135
16-4-2013,-76
17-4-2013,-138
18-4-2013,-49
19-4-2013,313
20-4-2013,-63
21-4-2013,22
22-4-2013,82
23-4-2013,162
24-4-2013,250
25-4-2013,164
26-4-2013,282
27-4-2013,-1
28-4-2013,21
29-4-2013,20
30-4-2013,221
1-5-2013,79
2-5-2013,57
3-5-2013,-44
4-5-2013,100
5-5-2013,88
6-5-2013,57
7-5-2013,146
8-5-2013,209
9-5-2013,263
10-5-2013,333
11-5-2013,45
12-5-2013,26
13-5-2013,253
14-5-2013,360
15-5-2013,307
16-5-2013,157
17-5-2013,144
18-5-2013,85
19-5-2013,133
20-5-2013,341
21-5-2013,324
22-5-2013,7
23-5-2013,-187
24-5-2013,-68
25-5-2013,68
26-5-2013,15
27-5-2013,-34
28-5-2013,187
29-5-2013,93
30-5-2013,-88
31-5-2013,42
1-6-2013,75
2-6-2013,67
3-6-2013,-315
4-6-2013,-17
5-6-2013,-303
6-6-2013,-573
7-6-2013,-157
8-6-2013,89
9-6-2013,-76
10-6-2013,62
11-6-2013,-640
12-6-2013,-436
13-6-2013,-449
14-6-2013,-220
15-6-2013,-122
16-6-2013,-73
17-6-2013,159
18-6-2013,-28
19-6-2013,-186
20-6-2013,-701
21-6-2013,-507
22-6-2013,63
23-6-2013,-87
24-6-2013,-456
25-6-2013,-534
26-6-2013,-12
27-6-2013,83
28-6-2013,-27
29-6-2013,-28
30-6-2013,56
1-7-2013,-109
2-7-2013,-39
3-7-2013,-84
4-7-2013,4
5-7-2013,16
6-7-2013,-127
7-7-2013,27
8-7-2013,-208
9-7-2013,-45
10-7-2013,-50
11-7-2013,-50
12-7-2013,93
13-7-2013,117
14-7-2013,65
15-7-2013,151
16-7-2013,140
17-7-2013,24
18-7-2013,238
19-7-2013,355
20-7-2013,117
21-7-2013,62
22-7-2013,-16
23-7-2013,251
24-7-2013,51
25-7-2013,90
26-7-2013,128
27-7-2013,-71
28-7-2013,47
29-7-2013,263
30-7-2013,24
31-7-2013,-222
1-8-2013,13
2-8-2013,-134
3-8-2013,-85
4-8-2013,-55
5-8-2013,27
6-8-2013,60
7-8-2013,51
8-8-2013,199
9-8-2013,392
10-8-2013,72
11-8-2013,71
12-8-2013,42
13-8-2013,164
14-8-2013,170
15-8-2013,409
16-8-2013,249
17-8-2013,-23
18-8-2013,73
19-8-2013,-19
20-8-2013,-319
21-8-2013,-354
22-8-2013,-308
23-8-2013,-160
24-8-2013,-156
25-8-2013,-95
26-8-2013,-19
27-8-2013,-654
28-8-2013,-459
29-8-2013,36
30-8-2013,36
31-8-2013,-165
1-9-2013,-40
2-9-2013,94
3-9-2013,101
4-9-2013,-32
5-9-2013,17
6-9-2013,89
7-9-2013,-35
8-9-2013,-97
9-9-2013,157
10-9-2013,-247
11-9-2013,0
12-9-2013,9
13-9-2013,79
14-9-2013,32
15-9-2013,53
16-9-2013,53
17-9-2013,72
18-9-2013,147
19-9-2013,194
20-9-2013,110
21-9-2013,-26
22-9-2013,-23
23-9-2013,-145
24-9-2013,-319
25-9-2013,109
26-9-2013,66
27-9-2013,-129
28-9-2013,2
29-9-2013,-98
30-9-2013,-55
1-10-2013,38
2-10-2013,6
3-10-2013,34
4-10-2013,115
5-10-2013,57
6-10-2013,35
7-10-2013,-78
8-10-2013,20
9-10-2013,228
10-10-2013,82
11-10-2013,266
12-10-2013,-7
13-10-2013,-6
14-10-2013,156
15-10-2013,293
16-10-2013,21
17-10-2013,214
18-10-2013,296
19-10-2013,22
20-10-2013,16
21-10-2013,110
22-10-2013,81
23-10-2013,-20
24-10-2013,196
25-10-2013,210
26-10-2013,-19
27-10-2013,36
28-10-2013,99
29-10-2013,206
30-10-2013,-6
31-10-2013,241
1-11-2013,-42
2-11-2013,-136
3-11-2013,-43
4-11-2013,-250
5-11-2013,18
6-11-2013,39
7-11-2013,161
8-11-2013,55
9-11-2013,-150
10-11-2013,-96
11-11-2013,-4
12-11-2013,145
13-11-2013,208
14-11-2013,327
15-11-2013,438
16-11-2013,65
17-11-2013,55
18-11-2013,323
19-11-2013,92
20-11-2013,-233
21-11-2013,-355
22-11-2013,-289
23-11-2013,-62
24-11-2013,-97
25-11-2013,-139
26-11-2013,10
27-11-2013,-61
28-11-2013,8
29-11-2013,74
30-11-2013,-56
1-12-2013,-101
2-12-2013,-37
3-12-2013,-30
4-12-2013,156
5-12-2013,-49
6-12-2013,62
7-12-2013,-101
8-12-2013,-102
9-12-2013,27
10-12-2013,-92
11-12-2013,-41
12-12-2013,-120
13-12-2013,-153
14-12-2013,-39
15-12-2013,-13
16-12-2013,-85
17-12-2013,203
18-12-2013,170
19-12-2013,156
20-12-2013,-31
21-12-2013,-66
22-12-2013,61
23-12-2013,-114
24-12-2013,-17
25-12-2013,143
26-12-2013,-91
27-12-2013,-146
28-12-2013,-38
29-12-2013,-12
30-12-2013,-91
31-12-2013,-38
1-1-2014,33
2-1-2014,-290
3-1-2014,-271
4-1-2014,6
5-1-2014,-8
6-1-2014,-50
7-1-2014,135
8-1-2014,120
9-1-2014,-42
10-1-2014,-14
11-1-2014,65
12-1-2014,-49
13-1-2014,-60
14-1-2014,29
15-1-2014,165
16-1-2014,233
17-1-2014,-41
18-1-2014,-37
19-1-2014,17
20-1-2014,-19
21-1-2014,-7
22-1-2014,54
23-1-2014,27
24-1-2014,20
25-1-2014,-78
26-1-2014,-33
27-1-2014,-142
28-1-2014,-94
29-1-2014,-52
30-1-2014,-31
31-1-2014,-132
1-2-2014,-15
2-2-2014,30
3-2-2014,0
4-2-2014,145
5-2-2014,71
6-2-2014,130
7-2-2014,51
8-2-2014,12
9-2-2014,8
10-2-2014,198
11-2-2014,146
12-2-2014,189
13-2-2014,188
14-2-2014,-26
15-2-2014,84
16-2-2014,-39
17-2-2014,128
18-2-2014,105
19-2-2014,-20
20-2-2014,-3
21-2-2014,-10
22-2-2014,-24
23-2-2014,-55
24-2-2014,3
25-2-2014,155
26-2-2014,244
27-2-2014,139
28-2-2014,182
1-3-2014,-26
2-3-2014,64
3-3-2014,72
4-3-2014,161
5-3-2014,281
6-3-2014,168
7-3-2014,227
8-3-2014,-74
9-3-2014,42
10-3-2014,-37
11-3-2014,103
12-3-2014,62
13-3-2014,195
14-3-2014,64
15-3-2014,17
16-3-2014,-49
17-3-2014,14
18-3-2014,188
19-3-2014,16
20-3-2014,-62
21-3-2014,103
22-3-2014,16
23-3-2014,19
24-3-2014,-27
25-3-2014,-59
26-3-2014,70
27-3-2014,-53
28-3-2014,61
29-3-2014,30
30-3-2014,-18
31-3-2014,170
1-4-2014,123
2-4-2014,172
3-4-2014,180
4-4-2014,1
5-4-2014,66
6-4-2014,-123
7-4-2014,13
8-4-2014,105
9-4-2014,135
10-4-2014,194
11-4-2014,37
12-4-2014,-29
13-4-2014,32
14-4-2014,-10
15-4-2014,-32
16-4-2014,-2
17-4-2014,118
18-4-2014,125
19-4-2014,58
20-4-2014,-7
21-4-2014,9
22-4-2014,38
23-4-2014,59
24-4-2014,308
25-4-2014,52
26-4-2014,-76
27-4-2014,13
28-4-2014,83
29-4-2014,141
30-4-2014,179
1-5-2014,-74
2-5-2014,212
3-5-2014,26
4-5-2014,-12
5-5-2014,-49
6-5-2014,126
7-5-2014,17
8-5-2014,-162
9-5-2014,-33
10-5-2014,-129
11-5-2014,-53
12-5-2014,-15
13-5-2014,-61
14-5-2014,358
15-5-2014,191
16-5-2014,103
17-5-2014,-41
18-5-2014,99
19-5-2014,15
20-5-2014,-119
21-5-2014,-10
22-5-2014,15
23-5-2014,-112
24-5-2014,-37
25-5-2014,26
26-5-2014,29
27-5-2014,107
28-5-2014,136
29-5-2014,95
30-5-2014,132
31-5-2014,-45
1-6-2014,86
2-6-2014,25
3-6-2014,123
4-6-2014,70
5-6-2014,193
6-6-2014,298
7-6-2014,50
8-6-2014,106
9-6-2014,50
10-6-2014,199
11-6-2014,23
12-6-2014,-8
13-6-2014,-73
14-6-2014,-1
15-6-2014,42
16-6-2014,-46
17-6-2014,54
18-6-2014,112
19-6-2014,103
20-6-2014,228
21-6-2014,-27
22-6-2014,-15
23-6-2014,147
24-6-2014,140
25-6-2014,113
26-6-2014,167
27-6-2014,164
28-6-2014,15
29-6-2014,70
30-6-2014,159
1-7-2014,130
2-7-2014,181
3-7-2014,151
4-7-2014,229
5-7-2014,77
6-7-2014,105
7-7-2014,74
8-7-2014,183
9-7-2014,221
10-7-2014,33
11-7-2014,3
12-7-2014,110
13-7-2014,48
14-7-2014,192
15-7-2014,205
16-7-2014,268
17-7-2014,249
18-7-2014,123
19-7-2014,-14
20-7-2014,106
21-7-2014,90
22-7-2014,122
23-7-2014,67
24-7-2014,248
25-7-2014,112
26-7-2014,13
27-7-2014,72
28-7-2014,190
29-7-2014,-14
30-7-2014,-60
31-7-2014,-62
1-8-2014,35
2-8-2014,33
3-8-2014,46
4-8-2014,88
5-8-2014,215
6-8-2014,103
7-8-2014,135
8-8-2014,112
9-8-2014,-21
10-8-2014,75
11-8-2014,45
12-8-2014,47
13-8-2014,191
14-8-2014,665
15-8-2014,473
16-8-2014,24
17-8-2014,66
18-8-2014,272
19-8-2014,405
20-8-2014,204
21-8-2014,320
22-8-2014,258
23-8-2014,26
24-8-2014,78
25-8-2014,59
26-8-2014,273
27-8-2014,164
28-8-2014,199
29-8-2014,55
30-8-2014,34
31-8-2014,-18
1-9-2014,223
2-9-2014,130
3-9-2014,405
4-9-2014,219
5-9-2014,255
6-9-2014,10
7-9-2014,88
8-9-2014,57
9-9-2014,139
10-9-2014,139
11-9-2014,328
12-9-2014,90
13-9-2014,18
14-9-2014,107
15-9-2014,74
16-9-2014,15
17-9-2014,-55
18-9-2014,248
19-9-2014,255
20-9-2014,-25
21-9-2014,134
22-9-2014,60
23-9-2014,79
24-9-2014,210
25-9-2014,-1
26-9-2014,0
27-9-2014,96
28-9-2014,89
29-9-2014,69
30-9-2014,45
1-10-2014,109
2-10-2014,-90
3-10-2014,-11
4-10-2014,-43
5-10-2014,36
6-10-2014,-157
7-10-2014,45
8-10-2014,-55
9-10-2014,219
10-10-2014,42
11-10-2014,-70
12-10-2014,-28
13-10-2014,-111
14-10-2014,67
15-10-2014,-5
16-10-2014,-171
17-10-2014,-53
18-10-2014,-75
19-10-2014,101
20-10-2014,180
21-10-2014,120
22-10-2014,199
23-10-2014,65
24-10-2014,239
25-10-2014,31
26-10-2014,120
27-10-2014,100
28-10-2014,270
29-10-2014,241
30-10-2014,221
31-10-2014,113
1-11-2014,79
2-11-2014,108
3-11-2014,224
4-11-2014,155
5-11-2014,91
6-11-2014,283
7-11-2014,329
8-11-2014,30
9-11-2014,51
10-11-2014,83
11-11-2014,93
12-11-2014,335
13-11-2014,288
14-11-2014,352
15-11-2014,70
16-11-2014,88
17-11-2014,17
18-11-2014,244
19-11-2014,161
20-11-2014,94
21-11-2014,120
22-11-2014,-77
23-11-2014,35
24-11-2014,144
25-11-2014,221
26-11-2014,263
27-11-2014,75
28-11-2014,96
29-11-2014,64
30-11-2014,51
1-12-2014,89
2-12-2014,23
3-12-2014,47
4-12-2014,250
5-12-2014,-56
6-12-2014,29
7-12-2014,60
8-12-2014,0
9-12-2014,-146
10-12-2014,-40
11-12-2014,-359
12-12-2014,-144
13-12-2014,15
14-12-2014,-102
15-12-2014,-433
16-12-2014,-285
17-12-2014,-56
18-12-2014,-140
19-12-2014,81
20-12-2014,51
21-12-2014,-57
22-12-2014,205
23-12-2014,-38
24-12-2014,32
25-12-2014,103
26-12-2014,65
27-12-2014,32
28-12-2014,-44
29-12-2014,-32
30-12-2014,-10
31-12-2014,-17
1-1-2015,8
2-1-2015,-63
3-1-2015,-1
4-1-2015,31
5-1-2015,32
6-1-2015,24
7-1-2015,-6
8-1-2015,221
9-1-2015,105
10-1-2015,-35
11-1-2015,98
12-1-2015,76
13-1-2015,39
14-1-2015,-113
15-1-2015,77
16-1-2015,70
17-1-2015,-19
18-1-2015,10
19-1-2015,203
20-1-2015,266
21-1-2015,112
22-1-2015,98
23-1-2015,141
24-1-2015,76
25-1-2015,56
26-1-2015,169
27-1-2015,96
28-1-2015,95
29-1-2015,153
30-1-2015,53
31-1-2015,45
1-2-2015,90
2-2-2015,211
3-2-2015,87
4-2-2015,179
5-2-2015,143
6-2-2015,64
7-2-2015,-37
8-2-2015,96
9-2-2015,15
10-2-2015,144
11-2-2015,90
12-2-2015,102
13-2-2015,129
14-2-2015,-14
15-2-2015,-24
16-2-2015,95
17-2-2015,51
18-2-2015,5
19-2-2015,143
20-2-2015,153
21-2-2015,34
22-2-2015,-43
23-2-2015,145
24-2-2015,106
25-2-2015,41
26-2-2015,248
27-2-2015,204
28-2-2015,107
1-3-2015,-9
2-3-2015,33
3-3-2015,142
4-3-2015,-14
5-3-2015,-126
6-3-2015,-33
7-3-2015,-24
8-3-2015,-11
9-3-2015,8
10-3-2015,-103
11-3-2015,-17
12-3-2015,-65
13-3-2015,90
14-3-2015,-55
15-3-2015,-29
16-3-2015,-212
17-3-2015,-236
18-3-2015,-2
19-3-2015,-64
20-3-2015,-43
21-3-2015,95
22-3-2015,-49
23-3-2015,-79
24-3-2015,-131
25-3-2015,25
26-3-2015,-165
27-3-2015,-117
28-3-2015,95
29-3-2015,-45
30-3-2015,9
31-3-2015,-64
1-4-2015,33
2-4-2015,90
3-4-2015,117
4-4-2015,-63
5-4-2015,-27
6-4-2015,-20
7-4-2015,-9
8-4-2015,35
9-4-2015,31
10-4-2015,49
11-4-2015,24
12-4-2015,-23
13-4-2015,-37
14-4-2015,-75
15-4-2015,41
16-4-2015,47
17-4-2015,34
18-4-2015,-75
19-4-2015,-13
20-4-2015,10
21-4-2015,-2
22-4-2015,49
23-4-2015,3
24-4-2015,27
25-4-2015,-14
26-4-2015,42
27-4-2015,-7
28-4-2015,-110
29-4-2015,-51
30-4-2015,43
1-5-2015,-125
2-5-2015,-44
3-5-2015,11
4-5-2015,-188
5-5-2015,-61
6-5-2015,-136
7-5-2015,-207
8-5-2015,-101
9-5-2015,-12
10-5-2015,-3
11-5-2015,25
12-5-2015,5
13-5-2015,82
14-5-2015,115
15-5-2015,136
16-5-2015,34
17-5-2015,35
18-5-2015,43
19-5-2015,173
20-5-2015,81
21-5-2015,-73
22-5-2015,-102
23-5-2015,32
24-5-2015,-58
25-5-2015,-61
26-5-2015,-129
27-5-2015,-156
28-5-2015,-66
29-5-2015,-80
30-5-2015,6
31-5-2015,43
1-6-2015,37
2-6-2015,-87
3-6-2015,44
4-6-2015,58
5-6-2015,69
6-6-2015,-26
7-6-2015,22
8-6-2015,87
9-6-2015,3
10-6-2015,52
11-6-2015,-40
12-6-2015,70
13-6-2015,27
14-6-2015,-9
15-6-2015,-60
16-6-2015,-143
17-6-2015,31
18-6-2015,0
19-6-2015,-25
20-6-2015,-125
21-6-2015,-39
22-6-2015,5
23-6-2015,173
24-6-2015,134
25-6-2015,69
26-6-2015,108
27-6-2015,-117
28-6-2015,-153
29-6-2015,-78
30-6-2015,-39
1-7-2015,-79
2-7-2015,-58
3-7-2015,-23
4-7-2015,-119
5-7-2015,-55
6-7-2015,-232
7-7-2015,-104
8-7-2015,-93
9-7-2015,-92
10-7-2015,7
11-7-2015,22
12-7-2015,-99
13-7-2015,53
14-7-2015,116
15-7-2015,1
16-7-2015,58
17-7-2015,64
18-7-2015,-109
19-7-2015,5
20-7-2015,-140
21-7-2015,-184
22-7-2015,62
23-7-2015,41
24-7-2015,-62
25-7-2015,-154
26-7-2015,-59
27-7-2015,-180
28-7-2015,-179
29-7-2015,-150
30-7-2015,-107
31-7-2015,6
1-8-2015,-66
2-8-2015,-59
3-8-2015,-17
4-8-2015,-126
5-8-2015,16
6-8-2015,-4
7-8-2015,44
8-8-2015,-86
9-8-2015,-32
10-8-2015,-81
11-8-2015,-1
12-8-2015,-84
13-8-2015,-139
14-8-2015,65
15-8-2015,-44
16-8-2015,-22
17-8-2015,-85
18-8-2015,-139
19-8-2015,14
20-8-2015,-121
21-8-2015,-147
22-8-2015,-35
23-8-2015,-45
24-8-2015,-439
25-8-2015,-270
26-8-2015,-119
27-8-2015,-84
28-8-2015,-24
29-8-2015,-74
30-8-2015,10
31-8-2015,-79
1-9-2015,-93
2-9-2015,-61
3-9-2015,-10
4-9-2015,-121
5-9-2015,-40
6-9-2015,-68
7-9-2015,-112
8-9-2015,19
9-9-2015,-5
10-9-2015,17
11-9-2015,46
12-9-2015,-46
13-9-2015,-25
14-9-2015,2
15-9-2015,36
16-9-2015,-35
17-9-2015,1
18-9-2015,-10
19-9-2015,-8
20-9-2015,-28
21-9-2015,-74
22-9-2015,-12
23-9-2015,-135
24-9-2015,-44
25-9-2015,63
26-9-2015,-9
27-9-2015,-38
28-9-2015,-90
29-9-2015,-165
30-9-2015,-147
1-10-2015,-96
2-10-2015,-107
3-10-2015,-6
4-10-2015,8
5-10-2015,12
6-10-2015,96
7-10-2015,-84
8-10-2015,30
9-10-2015,75
10-10-2015,41
11-10-2015,62
12-10-2015,-69
13-10-2015,26
14-10-2015,80
15-10-2015,-101
16-10-2015,191
17-10-2015,-55
18-10-2015,16
19-10-2015,33
20-10-2015,154
21-10-2015,179
22-10-2015,102
23-10-2015,-52
24-10-2015,-11
25-10-2015,6
26-10-2015,26
27-10-2015,-11
28-10-2015,5
29-10-2015,33
30-10-2015,7
31-10-2015,-75
1-11-2015,-47
2-11-2015,47
3-11-2015,28
4-11-2015,80
5-11-2015,96
6-11-2015,155
7-11-2015,-22
8-11-2015,45
9-11-2015,20
10-11-2015,74
11-11-2015,68
12-11-2015,59
13-11-2015,110
14-11-2015,-98
15-11-2015,-46
16-11-2015,-5
17-11-2015,83
18-11-2015,3
19-11-2015,78
20-11-2015,26
21-11-2015,-5
22-11-2015,-57
23-11-2015,-46
24-11-2015,-43
25-11-2015,-103
26-11-2015,-138
27-11-2015,-122
28-11-2015,45
29-11-2015,-73
30-11-2015,-128
1-12-2015,-98
2-12-2015,-148
3-12-2015,-186
4-12-2015,-84
5-12-2015,-45
6-12-2015,-50
7-12-2015,-32
8-12-2015,-213
9-12-2015,-84
10-12-2015,-94
11-12-2015,-132
12-12-2015,-72
13-12-2015,-93
14-12-2015,-110
15-12-2015,-419
16-12-2015,29
17-12-2015,18
18-12-2015,-152
19-12-2015,-101
20-12-2015,-62
21-12-2015,-220
22-12-2015,-206
23-12-2015,-45
24-12-2015,-105
25-12-2015,63
26-12-2015,-24
27-12-2015,-10
28-12-2015,15
29-12-2015,-11
30-12-2015,177
31-12-2015,-14
1-1-2016,17
2-1-2016,-51
3-1-2016,72
4-1-2016,-145
5-1-2016,-319
6-1-2016,-148
7-1-2016,-246
8-1-2016,-124
9-1-2016,-1
10-1-2016,23
11-1-2016,-42
12-1-2016,-24
13-1-2016,-78
14-1-2016,-75
15-1-2016,-32
16-1-2016,-67
17-1-2016,-89
18-1-2016,-78
19-1-2016,-10
20-1-2016,16
21-1-2016,-79
22-1-2016,-26
23-1-2016,-4
24-1-2016,4
25-1-2016,-47
26-1-2016,-7
27-1-2016,28
28-1-2016,40
29-1-2016,-97
30-1-2016,-72
31-1-2016,-12
1-2-2016,-65
2-2-2016,-97
3-2-2016,-42
4-2-2016,137
5-2-2016,57
6-2-2016,-54
7-2-2016,27
8-2-2016,-82
9-2-2016,-34
10-2-2016,41
11-2-2016,-36
12-2-2016,-83
13-2-2016,-69
14-2-2016,-25
15-2-2016,-14
16-2-2016,56
17-2-2016,114
18-2-2016,-43
19-2-2016,104
20-2-2016,-25
21-2-2016,-58
22-2-2016,-14
23-2-2016,-63
24-2-2016,203
25-2-2016,100
26-2-2016,162
27-2-2016,52
28-2-2016,59
29-2-2016,39
1-3-2016,38
2-3-2016,214
3-3-2016,47
4-3-2016,61
5-3-2016,-18
6-3-2016,-5
7-3-2016,146
8-3-2016,-3
9-3-2016,78
10-3-2016,64
11-3-2016,-27
12-3-2016,-8
13-3-2016,51
14-3-2016,-206
15-3-2016,24
16-3-2016,29
17-3-2016,-74
18-3-2016,43
19-3-2016,3
20-3-2016,-13
21-3-2016,20
22-3-2016,57
23-3-2016,-69
24-3-2016,24
25-3-2016,29
26-3-2016,10
27-3-2016,-19
28-3-2016,-64
29-3-2016,-47
30-3-2016,40
31-3-2016,54
1-4-2016,-170
2-4-2016,5
3-4-2016,-50
4-4-2016,-19
5-4-2016,-69
6-4-2016,14
7-4-2016,-76
8-4-2016,-71
9-4-2016,-16
10-4-2016,-9
11-4-2016,-35
12-4-2016,52
13-4-2016,-13
14-4-2016,-40
15-4-2016,-27
16-4-2016,-63
17-4-2016,-3
18-4-2016,50
19-4-2016,-12
20-4-2016,-1
21-4-2016,55
22-4-2016,-23
23-4-2016,-15
24-4-2016,-66
25-4-2016,-98
26-4-2016,99
27-4-2016,4
28-4-2016,-54
29-4-2016,-4
30-4-2016,-59
1-5-2016,-138
2-5-2016,3
3-5-2016,13
4-5-2016,-21
5-5-2016,8
6-5-2016,-175
7-5-2016,-81
8-5-2016,-32
9-5-2016,-38
10-5-2016,-43
11-5-2016,118
12-5-2016,164
13-5-2016,183
14-5-2016,0
15-5-2016,29
16-5-2016,63
17-5-2016,48
18-5-2016,49
19-5-2016,28
20-5-2016,-43
21-5-2016,-30
22-5-2016,74
23-5-2016,-69
24-5-2016,111
25-5-2016,131
26-5-2016,45
27-5-2016,140
28-5-2016,67
29-5-2016,111
30-5-2016,16
31-5-2016,86
1-6-2016,79
2-6-2016,54
3-6-2016,14
4-6-2016,25
5-6-2016,23
6-6-2016,-14
7-6-2016,112
8-6-2016,34
9-6-2016,152
10-6-2016,-80
11-6-2016,-33
12-6-2016,-34
13-6-2016,-106
14-6-2016,-6
15-6-2016,13
16-6-2016,-90
17-6-2016,-130
18-6-2016,-89
19-6-2016,-119
20-6-2016,-100
21-6-2016,50
22-6-2016,-6
23-6-2016,22
24-6-2016,-166
25-6-2016,-83
26-6-2016,-21
27-6-2016,-86
28-6-2016,-33
29-6-2016,86
30-6-2016,11
1-7-2016,-57
2-7-2016,17
3-7-2016,-17
4-7-2016,-62
5-7-2016,-14
6-7-2016,90
7-7-2016,34
8-7-2016,53
9-7-2016,29
10-7-2016,-10
11-7-2016,25
12-7-2016,153
13-7-2016,101
14-7-2016,-44
15-7-2016,28
16-7-2016,-18
17-7-2016,-28
18-7-2016,-33
19-7-2016,23
20-7-2016,-5
21-7-2016,91
22-7-2016,54
23-7-2016,-16
24-7-2016,-1
25-7-2016,130
26-7-2016,34
27-7-2016,74
28-7-2016,185
29-7-2016,81
30-7-2016,11
31-7-2016,52
1-8-2016,-19
2-8-2016,-90
3-8-2016,-9
4-8-2016,89
5-8-2016,142
6-8-2016,-1
7-8-2016,67
8-8-2016,64
9-8-2016,195
10-8-2016,257
11-8-2016,193
12-8-2016,298
13-8-2016,-14
14-8-2016,-14
15-8-2016,185
16-8-2016,116
17-8-2016,205
18-8-2016,24
19-8-2016,134
20-8-2016,-10
21-8-2016,-47
22-8-2016,61
23-8-2016,96
24-8-2016,278
25-8-2016,123
26-8-2016,26
27-8-2016,-21
28-8-2016,25
29-8-2016,14
30-8-2016,-151
31-8-2016,50
1-9-2016,36
2-9-2016,-41
3-9-2016,6
4-9-2016,-21
5-9-2016,-194
6-9-2016,-68
7-9-2016,59
8-9-2016,-210
9-9-2016,-130
10-9-2016,-115
11-9-2016,-23
12-9-2016,-192
13-9-2016,-145
14-9-2016,-46
15-9-2016,42
16-9-2016,24
17-9-2016,-77
18-9-2016,27
19-9-2016,15
20-9-2016,33
21-9-2016,20
22-9-2016,-17
23-9-2016,-8
24-9-2016,-37
25-9-2016,31
26-9-2016,-12
27-9-2016,-71
28-9-2016,6
29-9-2016,110
30-9-2016,-89
1-10-2016,2
2-10-2016,-66
3-10-2016,-2
4-10-2016,58
5-10-2016,113
6-10-2016,52
7-10-2016,-14
8-10-2016,-32
9-10-2016,-41
10-10-2016,-142
11-10-2016,-194
12-10-2016,-171
13-10-2016,-209
14-10-2016,-5
15-10-2016,-92
16-10-2016,100
17-10-2016,10
18-10-2016,101
19-10-2016,61
20-10-2016,180
21-10-2016,39
22-10-2016,-3
23-10-2016,-45
24-10-2016,108
25-10-2016,52
26-10-2016,-3
27-10-2016,181
28-10-2016,4
29-10-2016,34
30-10-2016,30
31-10-2016,159
1-11-2016,50
2-11-2016,66
3-11-2016,53
4-11-2016,-12
5-11-2016,-21
6-11-2016,-25
7-11-2016,67
8-11-2016,201
9-11-2016,145
10-11-2016,221
11-11-2016,79
12-11-2016,-39
13-11-2016,136
14-11-2016,-76
15-11-2016,123
16-11-2016,154
17-11-2016,-9
18-11-2016,-30
19-11-2016,-33
20-11-2016,33
21-11-2016,-108
22-11-2016,92
23-11-2016,-43
24-11-2016,6
25-11-2016,51
26-11-2016,-62
27-11-2016,-55
28-11-2016,-34
29-11-2016,37
30-11-2016,73
1-12-2016,-16
2-12-2016,-62
3-12-2016,-38
4-12-2016,85
5-12-2016,-64
6-12-2016,-81
7-12-2016,6
8-12-2016,67
9-12-2016,43
10-12-2016,33
11-12-2016,11
12-12-2016,76
13-12-2016,23
14-12-2016,50
15-12-2016,40
16-12-2016,38
17-12-2016,5
18-12-2016,6
19-12-2016,49
20-12-2016,53
21-12-2016,86
22-12-2016,10
23-12-2016,2
24-12-2016,-14
25-12-2016,-11
26-12-2016,32
27-12-2016,29
28-12-2016,43
29-12-2016,136
30-12-2016,95
31-12-2016,-16
1-1-2017,8
2-1-2017,-9
3-1-2017,65
4-1-2017,11
5-1-2017,130
6-1-2017,138
7-1-2017,-38
8-1-2017,-6
9-1-2017,124
10-1-2017,59
11-1-2017,85
12-1-2017,161
13-1-2017,74
14-1-2017,-40
15-1-2017,65
16-1-2017,8
17-1-2017,149
18-1-2017,160
19-1-2017,-13
20-1-2017,30
21-1-2017,-3
22-1-2017,53
23-1-2017,-14
24-1-2017,55
25-1-2017,128
26-1-2017,173
27-1-2017,140
28-1-2017,-76
29-1-2017,42
30-1-2017,-13
31-1-2017,15
1-2-2017,40
2-2-2017,92
3-2-2017,14
4-2-2017,-39
5-2-2017,24
6-2-2017,59
7-2-2017,96
8-2-2017,128
9-2-2017,54
10-2-2017,-58
11-2-2017,-6
12-2-2017,29
13-2-2017,10
14-2-2017,-104
15-2-2017,66
16-2-2017,-3
17-2-2017,70
18-2-2017,31
19-2-2017,-62
20-2-2017,146
21-2-2017,100
22-2-2017,88
23-2-2017,125
24-2-2017,157
25-2-2017,-27
26-2-2017,-3
27-2-2017,-34
28-2-2017,167
1-3-2017,119
2-3-2017,120
3-3-2017,83
4-3-2017,28
5-3-2017,31
6-3-2017,-38
7-3-2017,64
8-3-2017,-30
9-3-2017,-27
10-3-2017,32
11-3-2017,-14
12-3-2017,77
13-3-2017,-160
14-3-2017,76
15-3-2017,221
16-3-2017,113
17-3-2017,144
18-3-2017,-39
19-3-2017,74
20-3-2017,-19
21-3-2017,12
22-3-2017,44
23-3-2017,40
24-3-2017,68
25-3-2017,37
26-3-2017,8
27-3-2017,-35
28-3-2017,24
29-3-2017,32
30-3-2017,-14
31-3-2017,49
1-4-2017,-58
2-4-2017,1
3-4-2017,13
4-4-2017,110
5-4-2017,36
6-4-2017,-7
7-4-2017,48
8-4-2017,-40
9-4-2017,63
10-4-2017,15
11-4-2017,2
12-4-2017,-79
13-4-2017,15
14-4-2017,15
15-4-2017,-45
16-4-2017,2
17-4-2017,-17
18-4-2017,-17
19-4-2017,9
20-4-2017,59
21-4-2017,16
22-4-2017,-58
23-4-2017,106
24-4-2017,4
25-4-2017,59
26-4-2017,-54
27-4-2017,89
28-4-2017,58
29-4-2017,-59
30-4-2017,7
1-5-2017,4
2-5-2017,105
3-5-2017,29
4-5-2017,62
5-5-2017,73
6-5-2017,-71
7-5-2017,-25
8-5-2017,24
9-5-2017,71
10-5-2017,-25
11-5-2017,16
12-5-2017,72
13-5-2017,-52
14-5-2017,-37
15-5-2017,35
16-5-2017,180
17-5-2017,220
18-5-2017,136
19-5-2017,27
20-5-2017,8
21-5-2017,97
22-5-2017,-66
23-5-2017,82
24-5-2017,85
25-5-2017,106
26-5-2017,138
27-5-2017,-41
28-5-2017,-78
29-5-2017,11
30-5-2017,132
31-5-2017,5
1-6-2017,45
2-6-2017,90
3-6-2017,-8
4-6-2017,19
5-6-2017,1
6-6-2017,-2
7-6-2017,63
8-6-2017,34
9-6-2017,36
10-6-2017,-63
11-6-2017,72
12-6-2017,-33
13-6-2017,-18
14-6-2017,42
15-6-2017,59
16-6-2017,7
17-6-2017,22
18-6-2017,-4
19-6-2017,58
20-6-2017,101
21-6-2017,17
22-6-2017,13
23-6-2017,133
24-6-2017,-41
25-6-2017,67
26-6-2017,-77
27-6-2017,104
28-6-2017,115
29-6-2017,58
30-6-2017,-15
1-7-2017,-20
2-7-2017,19
3-7-2017,48
4-7-2017,74
5-7-2017,80
6-7-2017,37
7-7-2017,110
8-7-2017,-22
9-7-2017,-24
10-7-2017,16
11-7-2017,-46
12-7-2017,-8
13-7-2017,74
14-7-2017,78
15-7-2017,17
16-7-2017,77
17-7-2017,-77
18-7-2017,144
19-7-2017,97
20-7-2017,156
21-7-2017,-5
22-7-2017,-15
23-7-2017,94
24-7-2017,-18
25-7-2017,84
26-7-2017,108
27-7-2017,148
28-7-2017,63
29-7-2017,5
30-7-2017,56
31-7-2017,-41
1-8-2017,12
2-8-2017,160
3-8-2017,16
4-8-2017,130
5-8-2017,-33
6-8-2017,29
7-8-2017,7
8-8-2017,208
9-8-2017,126
10-8-2017,215
11-8-2017,127
12-8-2017,43
13-8-2017,15
14-8-2017,79
15-8-2017,104
16-8-2017,258
17-8-2017,234
18-8-2017,106
19-8-2017,-34
20-8-2017,-21
21-8-2017,-54
22-8-2017,85
23-8-2017,71
24-8-2017,103
25-8-2017,27
26-8-2017,-24
27-8-2017,87
28-8-2017,45
29-8-2017,154
30-8-2017,106
31-8-2017,134
1-9-2017,20
2-9-2017,-20
3-9-2017,31
4-9-2017,34
5-9-2017,43
6-9-2017,26
7-9-2017,136
8-9-2017,70
9-9-2017,11
10-9-2017,-9
11-9-2017,-40
12-9-2017,47
13-9-2017,83
14-9-2017,125
15-9-2017,130
16-9-2017,-16
17-9-2017,30
18-9-2017,32
19-9-2017,54
20-9-2017,46
21-9-2017,194
22-9-2017,7
23-9-2017,-16
24-9-2017,15
25-9-2017,-30
26-9-2017,41
27-9-2017,60
28-9-2017,105
29-9-2017,86
30-9-2017,-10
1-10-2017,24
2-10-2017,-1
3-10-2017,57
4-10-2017,136
5-10-2017,154
6-10-2017,40
7-10-2017,-37
8-10-2017,138
9-10-2017,30
10-10-2017,77
11-10-2017,117
12-10-2017,185
13-10-2017,47
14-10-2017,35
15-10-2017,166
16-10-2017,19
17-10-2017,108
18-10-2017,83
19-10-2017,184
20-10-2017,115
21-10-2017,-26
22-10-2017,-3
23-10-2017,77
24-10-2017,65
25-10-2017,133
26-10-2017,2
27-10-2017,224
28-10-2017,-2
29-10-2017,59
30-10-2017,189
31-10-2017,160
1-11-2017,199
2-11-2017,91
3-11-2017,131
4-11-2017,-46
5-11-2017,113
6-11-2017,-19
7-11-2017,234
8-11-2017,65
9-11-2017,168
10-11-2017,25
11-11-2017,-3
12-11-2017,9
13-11-2017,111
14-11-2017,265
15-11-2017,126
16-11-2017,255
17-11-2017,36
18-11-2017,4
19-11-2017,113
20-11-2017,25
21-11-2017,132
22-11-2017,150
23-11-2017,78
24-11-2017,9
25-11-2017,41
26-11-2017,-18
27-11-2017,-45
28-11-2017,-8
29-11-2017,59
30-11-2017,18
1-12-2017,-66
2-12-2017,8
3-12-2017,77
4-12-2017,40
5-12-2017,14
6-12-2017,57
7-12-2017,27
8-12-2017,8
9-12-2017,50
10-12-2017,12
11-12-2017,31
12-12-2017,45
13-12-2017,73
14-12-2017,70
15-12-2017,42
16-12-2017,-87
17-12-2017,22
18-12-2017,24
19-12-2017,52
20-12-2017,153
21-12-2017,139
22-12-2017,103
23-12-2017,53
24-12-2017,36
25-12-2017,179
26-12-2017,195
27-12-2017,91
28-12-2017,83
29-12-2017,57
30-12-2017,33
31-12-2017,-88
1-1-2018,2
2-1-2018,125
3-1-2018,21
4-1-2018,173
5-1-2018,203
6-1-2018,-3
7-1-2018,115
8-1-2018,-4
9-1-2018,53
10-1-2018,136
11-1-2018,99
12-1-2018,93
13-1-2018,97
14-1-2018,179
15-1-2018,84
16-1-2018,102
17-1-2018,137
18-1-2018,69
19-1-2018,87
20-1-2018,35
21-1-2018,153
22-1-2018,6
23-1-2018,120
24-1-2018,159
25-1-2018,49
26-1-2018,16
27-1-2018,9
28-1-2018,-41
29-1-2018,65
30-1-2018,-107
31-1-2018,93
1-2-2018,64
2-2-2018,111
3-2-2018,-51
4-2-2018,-2
5-2-2018,-59
6-2-2018,-228
7-2-2018,-29
8-2-2018,45
9-2-2018,-70
10-2-2018,7
11-2-2018,11
12-2-2018,-12
13-2-2018,51
14-2-2018,167
15-2-2018,53
16-2-2018,179
17-2-2018,7
18-2-2018,29
19-2-2018,41
20-2-2018,68
21-2-2018,114
22-2-2018,116
23-2-2018,10
24-2-2018,-4
25-2-2018,14
26-2-2018,119
27-2-2018,185
28-2-2018,117
1-3-2018,59
2-3-2018,68
3-3-2018,86
4-3-2018,154
5-3-2018,81
6-3-2018,102
7-3-2018,16
8-3-2018,14
9-3-2018,41
10-3-2018,-2
11-3-2018,52
12-3-2018,15
13-3-2018,32
14-3-2018,39
15-3-2018,-9
16-3-2018,48
17-3-2018,-60
18-3-2018,1
19-3-2018,-36
20-3-2018,12
21-3-2018,90
22-3-2018,53
23-3-2018,-7
24-3-2018,-58
25-3-2018,45
26-3-2018,-75
27-3-2018,47
28-3-2018,90
29-3-2018,-3
30-3-2018,-44
31-3-2018,-36
1-4-2018,-42
2-4-2018,11
3-4-2018,-153
4-4-2018,-136
5-4-2018,-37
6-4-2018,-11
7-4-2018,-71
8-4-2018,12
9-4-2018,-15
10-4-2018,-70
11-4-2018,42
12-4-2018,74
13-4-2018,2
14-4-2018,-41
15-4-2018,6
16-4-2018,65
17-4-2018,-64
18-4-2018,34
19-4-2018,34
20-4-2018,155
21-4-2018,-68
22-4-2018,99
23-4-2018,-22
24-4-2018,121
25-4-2018,51
26-4-2018,35
27-4-2018,97
28-4-2018,-19
29-4-2018,73
30-4-2018,-17
1-5-2018,2
2-5-2018,44
3-5-2018,61
4-5-2018,64
5-5-2018,-42
6-5-2018,135
7-5-2018,18
8-5-2018,155
9-5-2018,75
10-5-2018,265
11-5-2018,130
12-5-2018,-38
13-5-2018,-7
14-5-2018,179
15-5-2018,148
16-5-2018,154
17-5-2018,146
18-5-2018,40
19-5-2018,-40
20-5-2018,31
21-5-2018,29
22-5-2018,70
23-5-2018,6
24-5-2018,-103
25-5-2018,-134
26-5-2018,-38
27-5-2018,132
28-5-2018,-66
29-5-2018,-123
30-5-2018,-53
31-5-2018,-31
1-6-2018,-60
2-6-2018,-18
3-6-2018,38
4-6-2018,-46
5-6-2018,-15
6-6-2018,-26
7-6-2018,-7
8-6-2018,-105
9-6-2018,-31
10-6-2018,66
11-6-2018,-19
12-6-2018,7
13-6-2018,25
14-6-2018,-93
15-6-2018,-65
16-6-2018,-117
17-6-2018,-42
18-6-2018,-213
19-6-2018,-259
20-6-2018,-93
21-6-2018,-25
22-6-2018,-95
23-6-2018,-37
24-6-2018,-86
25-6-2018,-50
26-6-2018,-138
27-6-2018,-142
28-6-2018,-123
29-6-2018,-189
30-6-2018,4
1-7-2018,-24
2-7-2018,22
3-7-2018,81
4-7-2018,-24
5-7-2018,-119
6-7-2018,-11
7-7-2018,-120
8-7-2018,84
9-7-2018,-3
